policy_id,customer_id,product_type,channel,start_date,end_date,status,underwriter_id,source_system
1,144,Home,Online,2022-07-29,2022-12-08,Active,6,PMS
2,147,Life,Online,2021-03-19,2022-08-10,Active,8,PMS
3,164,Auto,Agent,2021-06-01,2021-08-01,Active,5,LPS
4,167,Life,Online,2022-09-21,2023-08-01,Active,6,PMS
5,167,Life,Broker,2022-03-24,2022-05-10,Active,2,LPS
6,109,Home,Broker,2021-07-15,2021-09-22,Lapsed,5,LPS
7,183,Life,Online,2022-04-06,2022-09-27,Active,1,PMS
8,121,Auto,Online,2023-07-04,2023-09-30,Lapsed,2,PMS
9,136,Life,Broker,2023-05-12,2023-06-12,Active,4,CSM
10,187,Life,Agent,2022-02-25,2023-01-30,Active,3,LPS
11,170,Home,Broker,2022-01-18,2022-12-25,Lapsed,1,LPS
12,188,Auto,Agent,2022-02-15,2022-06-24,Active,8,PMS
13,188,Auto,Agent,2021-02-01,2022-04-27,Active,3,PMS
14,112,Home,Online,2022-08-12,2024-01-29,Active,1,PMS
15,158,Auto,Agent,2021-06-23,2023-05-25,Active,2,PMS
16,165,Auto,Broker,2021-02-28,2022-12-06,Active,9,CSM
17,139,Life,Broker,2021-06-04,2023-02-01,Active,2,PMS
18,187,Home,Online,2022-08-17,2023-09-11,Active,2,CSM
19,146,Auto,Agent,2023-04-09,2023-12-19,Active,6,PMS
20,188,Home,Broker,2022-09-29,2024-08-17,Lapsed,7,PMS
21,181,Life,Agent,2023-02-11,2023-10-31,Cancelled,7,LPS
22,137,Auto,Broker,2021-11-08,2022-07-19,Active,9,PMS
23,125,Home,Broker,2023-03-26,2024-06-14,Cancelled,2,LPS
24,177,Auto,Broker,2021-03-12,2021-08-28,Lapsed,6,LPS
25,172,Home,Broker,2022-03-08,2022-11-29,Active,6,PMS
26,109,Life,Online,2021-05-07,2021-08-23,Active,7,CSM
27,120,Life,Online,2022-08-25,2022-08-20,Active,1,LPS
28,180,Auto,Agent,2021-01-15,2022-01-10,Active,4,PMS
29,169,Auto,Agent,2021-07-31,2022-11-19,Cancelled,8,CSM
30,179,Home,Online,2022-04-11,2022-10-19,Active,3,LPS
31,147,Auto,Broker,2022-01-02,2023-06-19,Active,1,LPS
32,164,Life,Agent,2023-01-14,2023-03-03,Cancelled,8,LPS
33,182,Life,Agent,2021-02-03,2022-07-29,Cancelled,8,LPS
34,199,Life,Online,2021-03-25,2021-10-11,Active,7,CSM
35,188,Auto,Agent,2021-09-05,2022-03-09,Cancelled,8,CSM
36,149,Home,Online,2023-07-01,2023-10-08,Active,1,PMS
37,129,Life,Broker,2023-04-26,2023-12-07,Cancelled,7,LPS
38,119,Life,Agent,2023-01-23,2024-12-23,Active,1,LPS
39,119,Auto,Broker,2023-07-07,2023-11-09,Active,3,LPS
40,114,Auto,Broker,2023-07-10,2023-09-04,Lapsed,7,LPS
41,139,Auto,Online,2022-11-16,2024-04-25,Active,9,LPS
42,132,Auto,Broker,2021-11-22,2022-01-14,Active,9,LPS
43,165,Home,Online,2021-03-09,2021-10-25,Active,7,CSM
44,109,Auto,Online,2022-02-03,2023-07-08,Active,4,LPS
45,157,Home,Agent,2021-10-18,2022-12-12,Active,3,CSM
46,132,Home,Broker,2022-01-10,2023-10-13,Lapsed,4,PMS
47,131,Life,Online,2021-07-24,2022-10-24,Cancelled,2,CSM
48,174,Life,Agent,2022-10-10,2024-07-23,Active,5,PMS
49,123,Auto,Online,2021-02-09,2021-11-15,Cancelled,1,PMS
50,135,Life,Broker,2022-05-16,2023-02-01,Cancelled,9,CSM
51,175,Home,Broker,2021-04-05,2022-01-01,Active,3,CSM
52,155,Auto,Agent,2023-06-25,2025-02-08,Active,7,LPS
53,128,Auto,Agent,2022-12-09,2023-02-22,Active,8,LPS
54,134,Auto,Agent,2022-10-20,2024-03-17,Cancelled,8,PMS
55,100,Auto,Agent,2022-12-06,2024-04-12,Active,9,PMS
56,100,Life,Agent,2022-12-29,2023-12-13,Active,1,CSM
57,136,Auto,Broker,2023-04-11,2023-11-13,Lapsed,3,PMS
58,153,Home,Agent,2022-07-30,2023-11-19,Lapsed,2,LPS
59,105,Auto,Agent,2021-12-21,2023-03-19,Lapsed,7,CSM
60,138,Life,Agent,2022-05-11,2023-10-01,Cancelled,4,LPS
61,117,Home,Agent,2023-02-28,2024-04-22,Active,7,CSM
62,179,Life,Broker,2022-10-23,2024-01-27,Active,8,PMS
63,104,Life,Broker,2021-10-11,2023-09-03,Lapsed,5,PMS
64,142,Life,Online,2021-12-30,2023-10-10,Active,1,LPS
65,158,Life,Agent,2021-07-17,2021-10-06,Active,9,PMS
66,131,Auto,Agent,2021-11-12,2023-06-26,Active,3,CSM
67,101,Life,Broker,2023-05-20,2025-01-24,Active,4,LPS
68,165,Auto,Broker,2021-04-02,2022-06-22,Active,3,LPS
69,141,Auto,Broker,2022-04-17,2023-04-17,Cancelled,9,PMS
70,157,Life,Agent,2021-06-07,2022-11-17,Active,1,PMS
71,135,Home,Online,2021-02-26,2022-08-20,Active,7,CSM
72,111,Life,Online,2022-11-17,2024-07-11,Active,7,PMS
73,146,Life,Broker,2021-10-16,2023-03-25,Lapsed,6,LPS
74,182,Auto,Broker,2021-05-14,2022-05-27,Active,8,CSM
75,191,Auto,Broker,2023-08-19,2024-10-05,Cancelled,4,LPS
76,100,Auto,Broker,2021-12-12,2023-04-30,Cancelled,7,LPS
77,114,Auto,Online,2022-12-08,2024-08-23,Active,9,LPS
78,199,Life,Online,2022-07-03,2023-10-04,Lapsed,6,PMS
79,153,Home,Broker,2023-07-09,2024-03-29,Active,3,CSM
80,112,Home,Online,2023-06-27,2024-10-04,Active,9,CSM
81,142,Home,Broker,2022-11-15,2024-07-05,Active,2,PMS
82,184,Home,Online,2021-04-24,2022-09-12,Active,5,PMS
83,175,Auto,Agent,2021-07-18,2022-05-08,Active,1,PMS
84,168,Life,Agent,2023-08-26,2025-04-07,Active,5,PMS
85,106,Auto,Online,2021-01-14,2021-08-15,Active,8,LPS
86,168,Auto,Broker,2022-12-13,2024-11-04,Lapsed,1,LPS
87,147,Life,Online,2022-04-09,2023-12-04,Active,2,PMS
88,103,Life,Broker,2023-03-03,2024-07-24,Active,5,LPS
89,176,Life,Broker,2023-08-13,2024-06-28,Active,1,LPS
90,152,Auto,Broker,2021-09-14,2022-08-09,Lapsed,1,PMS
91,178,Home,Broker,2021-01-05,2021-02-15,Active,1,LPS
92,115,Auto,Online,2021-04-22,2021-10-05,Lapsed,4,PMS
93,120,Auto,Online,2023-07-25,2025-03-14,Active,9,CSM
94,199,Life,Agent,2022-10-29,2024-06-18,Cancelled,7,CSM
95,158,Auto,Broker,2022-09-24,2023-06-21,Active,3,PMS
96,123,Home,Agent,2023-08-27,2024-08-02,Active,1,LPS
97,179,Home,Online,2021-12-09,2022-04-11,Active,7,PMS
98,113,Auto,Online,2022-06-15,2023-07-31,Active,6,CSM
99,185,Life,Broker,2022-11-18,2023-05-03,Active,7,CSM
100,148,Auto,Online,2021-12-03,2022-10-06,Active,2,PMS
101,149,Home,Broker,2023-01-30,2023-10-31,Active,5,PMS
102,169,Home,Agent,2022-11-05,2024-04-11,Lapsed,5,PMS
103,141,Auto,Broker,2022-07-06,2024-06-18,Active,3,LPS
104,135,Home,Online,2022-08-01,2023-09-28,Lapsed,3,PMS
105,164,Auto,Online,2022-10-03,2023-07-11,Cancelled,5,PMS
106,195,Home,Online,2023-04-18,2023-12-07,Lapsed,4,LPS
107,169,Life,Agent,2022-03-17,2022-05-19,Active,4,LPS
108,194,Home,Broker,2023-01-03,2023-03-19,Active,7,CSM
109,100,Auto,Agent,2022-11-29,2023-02-18,Active,1,CSM
110,150,Auto,Online,2023-04-17,2024-04-08,Cancelled,9,PMS
111,136,Life,Broker,2023-06-30,2023-06-04,Active,6,CSM
112,134,Home,Agent,2021-10-02,2022-10-25,Active,6,CSM
113,148,Auto,Broker,2022-06-13,2022-09-17,Active,3,LPS
114,193,Home,Online,2023-06-19,2024-01-05,Active,1,LPS
115,103,Life,Agent,2021-09-07,2021-11-13,Cancelled,5,LPS
116,198,Auto,Broker,2021-10-06,2022-09-27,Active,1,CSM
117,142,Life,Broker,2022-01-27,2022-04-16,Active,6,LPS
118,177,Auto,Online,2022-05-29,2023-12-30,Cancelled,3,CSM
119,121,Home,Online,2022-02-14,2024-01-26,Active,4,LPS
120,173,Auto,Online,2023-09-23,2024-11-07,Active,3,CSM
121,100,Life,Agent,2022-07-28,2023-07-30,Lapsed,9,LPS
122,110,Auto,Agent,2021-04-15,2022-05-30,Active,1,CSM
123,143,Life,Broker,2023-03-21,2023-09-27,Active,7,CSM
124,158,Auto,Broker,2022-09-10,2022-11-26,Cancelled,1,LPS
125,123,Life,Agent,2022-01-26,2023-10-12,Cancelled,2,LPS
126,159,Home,Broker,2022-03-31,2023-03-24,Active,4,LPS
127,102,Auto,Agent,2023-09-06,2025-05-02,Active,6,PMS
128,198,Home,Broker,2022-07-12,2024-06-21,Active,2,PMS
129,162,Auto,Agent,2021-06-16,2022-02-12,Active,3,LPS
130,135,Auto,Broker,2022-06-12,2024-05-02,Lapsed,1,LPS
131,194,Home,Broker,2021-10-24,2022-08-03,Cancelled,6,PMS
132,167,Life,Agent,2021-02-18,2021-06-20,Active,7,LPS
133,182,Home,Online,2021-03-13,2021-08-02,Lapsed,2,LPS
134,146,Home,Agent,2023-04-22,2024-04-17,Active,3,PMS
135,199,Auto,Agent,2023-07-11,2023-08-16,Cancelled,7,CSM
136,120,Life,Online,2023-02-04,2024-02-05,Active,7,PMS
137,181,Life,Broker,2023-01-28,2024-12-29,Lapsed,8,LPS
138,150,Home,Online,2021-12-04,2023-02-27,Lapsed,1,LPS
139,127,Home,Online,2023-03-29,2023-05-23,Active,6,CSM
140,114,Life,Online,2022-03-04,2023-09-26,Active,5,LPS
141,141,Home,Broker,2021-02-16,2022-08-02,Active,8,LPS
142,158,Auto,Agent,2023-03-31,2023-09-03,Cancelled,5,PMS
143,165,Auto,Online,2021-12-19,2023-10-19,Active,7,PMS
144,136,Home,Broker,2022-06-22,2023-09-25,Lapsed,7,LPS
145,110,Auto,Broker,2022-04-23,2023-12-25,Cancelled,9,LPS
146,186,Life,Agent,2022-11-13,2023-06-16,Active,7,LPS
147,143,Home,Agent,2023-04-23,2023-11-30,Active,1,LPS
148,111,Auto,Online,2023-01-09,2024-09-14,Active,3,CSM
149,102,Home,Broker,2022-02-07,2023-01-27,Active,1,PMS
150,151,Life,Agent,2022-10-13,2023-08-28,Cancelled,1,PMS
151,180,Auto,Online,2022-09-14,2023-12-09,Cancelled,9,LPS
152,132,Life,Broker,2022-10-06,2024-08-29,Active,5,LPS
153,154,Home,Broker,2023-05-01,2023-07-19,Active,1,LPS
154,100,Home,Agent,2021-09-04,2023-03-12,Active,2,PMS
155,138,Auto,Broker,2022-10-11,2022-11-11,Active,1,LPS
156,119,Life,Broker,2023-06-29,2025-03-03,Active,9,LPS
157,146,Home,Agent,2023-05-24,2024-06-05,Lapsed,6,CSM
158,142,Life,Broker,2021-08-02,2023-06-11,Lapsed,3,PMS
159,156,Life,Broker,2022-06-30,2023-01-20,Active,9,CSM
160,160,Auto,Online,2021-01-18,2022-05-03,Lapsed,1,LPS
161,177,Life,Broker,2022-10-28,2023-05-15,Lapsed,6,CSM
162,130,Home,Agent,2023-03-13,2024-12-02,Active,1,CSM
163,124,Home,Broker,2021-04-03,2022-11-30,Cancelled,9,PMS
164,102,Auto,Agent,2023-02-06,2023-04-22,Active,6,CSM
165,103,Life,Agent,2022-08-19,2023-11-21,Active,7,LPS
166,194,Home,Broker,2022-11-12,2023-09-09,Cancelled,5,LPS
167,198,Home,Agent,2022-04-19,2023-11-21,Active,5,LPS
168,113,Auto,Online,2022-06-06,2023-03-30,Active,3,LPS
169,140,Life,Agent,2021-10-20,2023-03-28,Cancelled,5,PMS
170,172,Life,Online,2022-06-05,2023-09-28,Cancelled,1,LPS
171,119,Life,Agent,2023-06-26,2023-09-21,Cancelled,9,PMS
172,195,Home,Broker,2022-03-30,2023-08-26,Active,2,PMS
173,172,Home,Agent,2021-10-14,2022-05-02,Lapsed,8,PMS
174,126,Auto,Agent,2021-05-05,2023-04-20,Active,5,LPS
175,166,Home,Agent,2022-12-14,2023-05-03,Cancelled,2,PMS
176,152,Auto,Online,2022-09-03,2024-01-06,Active,1,CSM
177,167,Auto,Online,2023-02-13,2023-11-02,Active,6,CSM
178,161,Life,Online,2023-01-20,2025-01-12,Lapsed,2,LPS
179,114,Auto,Online,2023-06-18,2024-08-12,Cancelled,9,CSM
180,196,Life,Online,2021-08-08,2022-10-22,Lapsed,2,CSM
181,104,Life,Broker,2022-07-04,2023-05-08,Cancelled,7,CSM
182,167,Home,Agent,2021-10-29,2022-07-14,Active,1,CSM
183,111,Home,Agent,2022-09-28,2024-07-14,Active,1,PMS
184,186,Auto,Broker,2023-07-13,2024-11-29,Active,3,CSM
185,177,Auto,Broker,2021-12-25,2023-10-22,Lapsed,1,LPS
186,175,Auto,Broker,2022-08-31,2022-12-15,Active,8,LPS
187,156,Auto,Broker,2022-05-27,2023-01-11,Active,3,CSM
188,116,Home,Online,2021-10-07,2023-06-22,Active,8,CSM
189,124,Auto,Agent,2021-08-24,2023-04-12,Active,6,CSM
190,129,Life,Broker,2021-06-11,2021-11-23,Active,5,CSM
191,121,Home,Broker,2023-02-16,2023-09-16,Active,1,CSM
192,125,Life,Agent,2022-11-06,2023-06-23,Cancelled,8,PMS
193,180,Auto,Broker,2021-06-12,2021-10-04,Active,9,LPS
194,160,Home,Online,2023-03-24,2024-11-04,Lapsed,2,LPS
195,161,Life,Online,2023-04-12,2023-05-23,Active,4,PMS
196,183,Home,Online,2021-03-03,2022-07-18,Active,3,PMS
197,133,Life,Broker,2023-03-18,2023-08-19,Lapsed,3,PMS
198,132,Home,Agent,2021-11-28,2021-11-01,Active,6,LPS
199,170,Life,Broker,2021-05-10,2022-07-24,Lapsed,8,LPS
200,185,Life,Agent,2022-06-21,2022-11-10,Active,2,CSM
201,131,Life,Online,2023-03-25,2024-10-31,Cancelled,6,PMS
202,113,Home,Online,2021-12-07,2022-05-26,Active,4,LPS
203,171,Life,Agent,2022-10-27,2024-07-05,Cancelled,6,LPS
204,156,Life,Broker,2023-07-30,2024-03-22,Cancelled,7,CSM
205,124,Auto,Broker,2022-05-15,2023-03-16,Active,4,CSM
206,179,Life,Broker,2022-08-03,2023-02-11,Active,7,LPS
207,141,Auto,Online,2022-07-19,2024-04-23,Cancelled,8,PMS
208,118,Home,Broker,2022-11-30,2024-03-23,Cancelled,6,CSM
209,140,Life,Agent,2021-06-20,2023-01-14,Active,7,LPS
210,154,Home,Broker,2023-09-26,2025-05-29,Active,6,CSM
211,179,Auto,Broker,2023-06-23,2024-05-25,Lapsed,8,PMS
212,111,Auto,Agent,2021-06-05,2022-02-21,Active,6,LPS
213,138,Home,Agent,2021-03-18,2021-12-13,Active,4,PMS
214,193,Life,Online,2022-07-13,2023-10-02,Active,4,CSM
215,101,Home,Online,2022-02-22,2022-07-24,Active,5,PMS
216,195,Auto,Broker,2022-04-29,2023-02-15,Cancelled,1,PMS
217,144,Auto,Broker,2022-11-09,2024-05-04,Active,2,CSM
218,188,Life,Online,2022-01-21,2023-11-16,Active,4,PMS
219,124,Auto,Broker,2023-04-24,2023-10-02,Lapsed,4,LPS
220,167,Life,Broker,2023-09-04,2023-12-06,Active,4,CSM
221,182,Life,Agent,2021-01-16,2022-07-07,Active,9,PMS
222,103,Life,Broker,2021-07-28,2022-10-26,Active,9,PMS
223,176,Auto,Agent,2021-10-23,2022-05-22,Active,4,CSM
224,135,Home,Online,2021-08-11,2023-04-03,Active,9,PMS
225,186,Home,Broker,2022-09-18,2022-12-01,Active,5,LPS
226,161,Auto,Agent,2022-06-01,2024-03-27,Cancelled,1,CSM
227,169,Home,Agent,2022-07-17,2022-11-22,Lapsed,7,LPS
228,187,Home,Agent,2023-03-22,2024-05-10,Active,9,LPS
229,143,Auto,Agent,2022-01-14,2022-05-27,Active,7,LPS
230,132,Home,Broker,2022-09-25,2024-08-06,Active,4,CSM
231,111,Auto,Online,2021-06-22,2022-12-28,Active,9,CSM
232,184,Life,Agent,2023-03-28,2023-07-12,Lapsed,3,LPS
233,110,Life,Online,2022-11-19,2023-01-05,Lapsed,9,CSM
234,154,Home,Agent,2022-05-04,2023-08-20,Lapsed,9,LPS
235,137,Auto,Agent,2023-09-03,2024-12-01,Active,9,LPS
236,128,Life,Agent,2023-04-01,2024-03-04,Active,3,PMS
237,102,Auto,Online,2022-03-29,2023-04-08,Active,6,LPS
238,127,Auto,Online,2021-04-21,2022-01-11,Lapsed,7,CSM
239,183,Auto,Online,2023-01-08,2023-11-25,Lapsed,6,LPS
240,189,Home,Broker,2022-08-13,2024-07-09,Active,9,LPS
241,123,Life,Online,2022-05-22,2023-04-28,Lapsed,6,PMS
242,153,Home,Broker,2023-02-25,2024-06-15,Cancelled,9,LPS
243,151,Auto,Broker,2021-08-27,2023-08-20,Active,3,LPS
244,146,Life,Online,2021-11-18,2022-11-11,Lapsed,1,PMS
245,120,Home,Agent,2022-05-30,2022-12-16,Cancelled,3,PMS
246,153,Life,Agent,2022-06-28,2023-10-26,Active,1,CSM
247,129,Home,Broker,2021-05-31,2021-07-13,Active,3,LPS
248,167,Auto,Agent,2022-08-04,2023-09-30,Lapsed,1,LPS
249,135,Life,Agent,2022-04-13,2023-11-02,Active,9,PMS
250,139,Auto,Broker,2022-12-24,2023-04-16,Cancelled,1,CSM
251,109,Auto,Online,2022-04-28,2024-04-14,Lapsed,5,LPS
252,173,Life,Broker,2021-12-13,2023-01-18,Active,5,LPS
253,141,Life,Online,2021-11-13,2023-11-10,Active,4,PMS
254,123,Home,Online,2021-05-15,2022-08-02,Cancelled,6,PMS
255,103,Home,Broker,2021-10-01,2022-05-22,Active,3,PMS
256,146,Auto,Agent,2022-04-12,2024-04-05,Cancelled,5,LPS
257,190,Home,Online,2021-02-24,2022-12-13,Lapsed,1,LPS
258,150,Life,Broker,2022-08-22,2023-12-05,Active,6,CSM
259,103,Life,Broker,2022-06-17,2022-09-04,Lapsed,6,PMS
260,131,Life,Broker,2021-01-20,2022-12-10,Active,8,PMS
261,109,Auto,Online,2022-02-12,2022-08-11,Active,8,PMS
262,110,Home,Agent,2021-02-15,2022-11-19,Active,2,LPS
263,127,Home,Agent,2022-07-09,2023-10-16,Lapsed,3,CSM
264,145,Home,Broker,2021-09-08,2023-02-02,Cancelled,9,CSM
265,171,Home,Online,2022-07-05,2022-10-16,Active,8,PMS
266,139,Home,Agent,2022-01-03,2022-11-28,Lapsed,9,LPS
267,161,Home,Broker,2022-03-28,2022-05-15,Cancelled,2,PMS
268,185,Home,Agent,2022-06-27,2024-02-11,Cancelled,4,PMS
269,197,Auto,Agent,2022-01-05,2022-05-23,Active,3,CSM
270,144,Home,Online,2023-09-05,2025-03-05,Cancelled,9,CSM
271,134,Home,Broker,2023-08-06,2025-02-24,Active,8,LPS
272,134,Home,Agent,2023-05-05,2024-03-01,Cancelled,2,PMS
273,188,Auto,Agent,2023-09-09,2024-11-27,Cancelled,7,PMS
274,133,Home,Online,2021-07-16,2021-08-26,Active,1,LPS
275,105,Auto,Online,2021-09-23,2021-10-25,Lapsed,9,PMS
276,136,Auto,Agent,2022-02-23,2022-09-24,Active,5,LPS
277,100,Auto,Online,2022-05-13,2022-11-29,Active,7,LPS
278,175,Life,Online,2021-04-29,2023-02-24,Active,7,LPS
279,134,Home,Broker,2021-01-19,2021-09-12,Cancelled,2,CSM
280,169,Life,Broker,2021-10-19,2023-09-01,Lapsed,4,PMS
281,153,Home,Agent,2022-02-20,2023-06-23,Cancelled,1,CSM
282,180,Auto,Agent,2022-05-02,2023-07-12,Cancelled,8,CSM
283,162,Auto,Agent,2021-03-06,2021-05-30,Lapsed,2,LPS
284,108,Home,Online,2021-12-16,2023-04-23,Cancelled,8,LPS
285,161,Home,Broker,2021-11-19,2022-11-07,Active,2,PMS
286,101,Auto,Agent,2022-10-05,2023-02-19,Active,6,LPS
287,181,Home,Broker,2023-08-22,2025-01-13,Active,6,PMS
288,135,Home,Online,2023-02-27,2024-04-18,Lapsed,7,PMS
289,191,Life,Broker,2021-07-11,2023-06-06,Cancelled,8,PMS
290,140,Auto,Online,2023-03-11,2024-12-21,Lapsed,8,PMS
291,136,Life,Agent,2021-03-27,2022-04-27,Active,9,PMS
292,148,Auto,Online,2021-04-30,2021-09-28,Active,5,LPS
293,125,Life,Online,2021-02-02,2022-11-27,Active,6,CSM
294,167,Home,Online,2021-06-25,2023-03-23,Lapsed,9,PMS
295,135,Home,Online,2021-03-05,2022-01-31,Active,7,CSM
296,130,Auto,Agent,2021-01-24,2022-11-26,Cancelled,9,PMS
297,129,Auto,Broker,2023-02-02,2023-05-22,Active,6,CSM
298,133,Auto,Agent,2021-03-31,2022-07-09,Active,9,CSM
299,118,Life,Agent,2021-07-26,2022-11-24,Active,9,PMS
300,117,Auto,Online,2023-06-21,2025-04-01,Active,5,LPS
301,193,Home,Agent,2021-02-04,2021-10-11,Lapsed,6,LPS
302,184,Auto,Online,2023-03-10,2023-06-12,Active,3,LPS
303,102,Home,Broker,2023-09-25,2023-12-07,Active,2,LPS
304,169,Life,Online,2023-09-10,2023-11-15,Active,2,CSM
305,112,Home,Broker,2022-06-20,2023-05-31,Active,8,PMS
306,144,Home,Agent,2023-02-20,2023-06-22,Active,8,PMS
307,166,Life,Online,2022-12-12,2023-11-05,Cancelled,1,LPS
308,191,Home,Broker,2021-10-15,2023-01-15,Active,7,PMS
309,185,Life,Agent,2021-05-25,2022-02-13,Cancelled,4,PMS
310,139,Life,Broker,2023-06-11,2024-02-07,Active,3,PMS
311,139,Life,Online,2022-05-03,2022-09-08,Active,2,CSM
312,175,Home,Broker,2021-05-13,2022-03-29,Cancelled,2,PMS
313,122,Life,Broker,2022-08-16,2023-04-27,Lapsed,1,PMS
314,130,Auto,Broker,2021-10-03,2023-05-31,Lapsed,8,LPS
315,117,Home,Agent,2022-09-16,2023-02-23,Lapsed,8,CSM
316,170,Home,Broker,2021-10-21,2022-03-27,Cancelled,1,CSM
317,171,Auto,Broker,2023-05-10,2023-04-28,Active,4,PMS
318,118,Auto,Broker,2022-09-04,2024-04-25,Active,7,PMS
319,192,Auto,Broker,2023-05-09,2025-03-02,Active,5,CSM
320,143,Auto,Online,2021-03-15,2021-11-04,Cancelled,9,PMS
321,183,Life,Online,2022-03-06,2022-08-12,Lapsed,2,PMS
322,149,Home,Agent,2023-07-29,2024-08-13,Active,5,LPS
323,141,Home,Broker,2023-01-16,2024-09-27,Active,6,CSM
324,193,Auto,Agent,2022-05-19,2024-05-14,Active,5,LPS
325,146,Life,Broker,2023-09-22,2023-12-12,Active,3,LPS
326,121,Life,Online,2022-12-15,2024-05-07,Cancelled,7,LPS
327,173,Auto,Broker,2021-03-21,2022-04-29,Lapsed,4,CSM
328,189,Auto,Agent,2023-06-09,2025-01-02,Active,3,PMS
329,196,Auto,Broker,2022-09-13,2024-01-27,Active,3,LPS
330,191,Auto,Online,2023-02-21,2024-10-03,Active,4,PMS
331,173,Life,Agent,2021-11-23,2023-07-07,Active,1,LPS
332,128,Home,Broker,2022-12-20,2023-09-03,Cancelled,1,PMS
333,181,Life,Online,2023-09-02,2023-11-21,Cancelled,7,LPS
334,158,Home,Broker,2021-12-02,2022-02-02,Active,5,PMS
335,100,Home,Online,2023-06-15,2024-05-30,Active,4,PMS
336,186,Home,Agent,2022-08-21,2023-09-12,Lapsed,1,LPS
337,163,Life,Agent,2021-01-30,2021-12-02,Active,1,PMS
338,116,Auto,Broker,2021-01-08,2022-02-23,Active,9,LPS
339,136,Auto,Online,2021-05-02,2023-04-15,Active,9,LPS
340,194,Life,Agent,2022-04-22,2023-08-18,Lapsed,3,CSM
341,124,Life,Broker,2023-06-03,2024-08-30,Lapsed,5,LPS
342,163,Home,Broker,2022-05-18,2023-06-20,Active,5,PMS
343,167,Life,Broker,2023-03-19,2024-05-02,Cancelled,9,PMS
344,151,Home,Online,2022-05-07,2022-10-03,Active,6,CSM
345,108,Life,Broker,2021-09-30,2022-07-31,Active,9,CSM
346,156,Auto,Online,2022-06-18,2023-11-01,Lapsed,3,LPS
347,191,Auto,Broker,2021-02-10,2021-05-20,Cancelled,7,PMS
348,193,Auto,Online,2021-04-12,2022-03-14,Lapsed,7,CSM
349,187,Life,Broker,2023-08-03,2024-06-04,Active,1,PMS
350,132,Home,Broker,2023-04-15,2024-10-04,Active,2,CSM
351,119,Auto,Online,2021-09-11,2021-12-14,Active,6,PMS
352,172,Home,Agent,2021-04-01,2022-07-04,Cancelled,4,PMS
353,171,Auto,Agent,2023-03-06,2024-12-02,Cancelled,4,CSM
354,187,Home,Agent,2022-09-06,2022-10-13,Lapsed,5,PMS
355,113,Life,Online,2022-07-23,2024-04-05,Active,2,LPS
356,158,Life,Agent,2021-10-12,2023-07-15,Cancelled,3,LPS
357,181,Home,Broker,2021-01-03,2022-10-08,Active,5,PMS
358,155,Life,Online,2023-08-07,2024-08-08,Active,9,LPS
359,164,Home,Agent,2023-05-19,2023-12-18,Cancelled,2,PMS
360,175,Life,Broker,2021-02-07,2022-12-01,Cancelled,4,LPS
361,192,Life,Broker,2021-11-20,2022-10-07,Active,1,CSM
362,136,Home,Online,2022-06-25,2023-01-04,Active,8,PMS
363,125,Auto,Agent,2022-10-15,2022-12-07,Lapsed,9,PMS
364,132,Auto,Broker,2023-05-06,2024-09-19,Cancelled,3,LPS
365,142,Auto,Agent,2022-08-27,2023-02-11,Cancelled,2,CSM
366,114,Home,Broker,2022-03-03,2024-01-23,Lapsed,7,PMS
367,186,Auto,Broker,2023-03-09,2024-11-24,Cancelled,9,CSM
368,128,Life,Online,2021-05-29,2022-02-02,Lapsed,3,PMS
369,120,Auto,Agent,2022-05-26,2022-11-20,Active,9,LPS
370,182,Life,Broker,2021-12-31,2023-01-22,Active,2,LPS
371,168,Auto,Agent,2022-06-29,2023-07-31,Lapsed,8,CSM
372,122,Auto,Agent,2021-03-22,2022-08-02,Cancelled,5,LPS
373,199,Home,Agent,2023-09-20,2025-06-05,Active,5,CSM
374,183,Life,Online,2023-08-18,2023-10-06,Active,3,LPS
375,107,Life,Broker,2021-11-30,2022-11-25,Active,5,CSM
376,172,Life,Agent,2023-01-24,2023-05-05,Active,8,LPS
377,161,Auto,Online,2022-09-01,2023-12-01,Active,4,CSM
378,113,Auto,Agent,2022-12-10,2024-03-31,Active,5,LPS
379,105,Home,Online,2021-01-06,2022-10-15,Lapsed,8,CSM
380,100,Home,Agent,2022-06-10,2023-11-01,Active,1,PMS
381,108,Home,Agent,2021-05-04,2022-09-08,Active,5,CSM
382,179,Auto,Agent,2021-01-13,2022-01-27,Active,5,LPS
383,179,Home,Online,2023-07-05,2025-06-25,Active,9,LPS
384,153,Life,Online,2021-04-06,2021-08-29,Active,8,PMS
385,111,Home,Broker,2021-12-22,2022-02-21,Cancelled,9,LPS
386,104,Auto,Broker,2022-05-01,2022-09-11,Lapsed,6,PMS
387,139,Home,Online,2021-09-28,2022-11-06,Active,7,CSM
388,192,Life,Broker,2023-05-11,2024-07-31,Cancelled,3,LPS
389,145,Life,Online,2022-10-24,2024-08-19,Active,9,PMS
390,126,Life,Online,2022-04-03,2022-06-01,Active,9,PMS
391,174,Auto,Online,2021-12-26,2023-03-20,Active,9,LPS
392,152,Life,Broker,2021-02-06,2022-12-14,Active,1,PMS
393,149,Home,Agent,2022-04-30,2023-04-23,Active,1,PMS
394,191,Home,Broker,2022-12-18,2023-09-29,Active,2,CSM
395,151,Life,Agent,2022-07-27,2023-08-26,Active,1,CSM
396,199,Auto,Broker,2023-01-13,2023-07-24,Active,6,CSM
397,118,Life,Agent,2022-04-21,2022-12-09,Cancelled,9,PMS
398,134,Home,Agent,2023-08-23,2024-12-11,Active,4,LPS
399,151,Home,Online,2021-01-17,2021-10-18,Active,1,CSM
400,130,Life,Broker,2023-03-16,2024-12-19,Active,5,LPS
401,153,Auto,Agent,2023-08-09,2025-04-03,Lapsed,3,CSM
402,158,Home,Broker,2021-09-20,2022-05-30,Active,2,PMS
403,143,Auto,Online,2021-09-06,2023-05-14,Lapsed,9,CSM
404,155,Life,Online,2021-09-21,2021-08-26,Lapsed,5,LPS
405,118,Home,Agent,2021-08-31,2023-08-01,Active,2,PMS
406,145,Home,Online,2023-02-19,2024-01-14,Active,7,LPS
407,187,Home,Broker,2023-04-10,2024-09-03,Cancelled,2,PMS
408,165,Home,Online,2023-06-24,2023-12-26,Active,3,LPS
409,170,Home,Online,2022-09-09,2023-06-21,Lapsed,4,CSM
410,153,Home,Online,2023-03-27,2024-06-08,Active,1,PMS
411,148,Life,Online,2022-11-01,2024-10-23,Active,5,LPS
412,194,Home,Broker,2021-05-17,2022-06-15,Active,6,PMS
413,159,Home,Broker,2022-04-26,2023-08-07,Active,4,LPS
414,180,Life,Agent,2022-07-02,2023-09-19,Active,9,LPS
415,126,Home,Online,2023-07-03,2025-03-08,Active,8,PMS
416,135,Home,Agent,2021-05-09,2022-08-13,Lapsed,9,CSM
417,158,Life,Agent,2023-09-01,2024-05-13,Active,9,PMS
418,149,Home,Broker,2023-02-14,2024-07-31,Active,3,CSM
419,173,Home,Online,2022-11-25,2024-03-23,Active,6,LPS
420,144,Life,Online,2022-06-24,2023-03-30,Active,4,PMS
421,113,Home,Broker,2022-02-13,2024-01-20,Active,8,PMS
422,170,Life,Broker,2022-08-23,2024-01-09,Cancelled,7,CSM
423,138,Home,Broker,2021-08-19,2023-03-17,Lapsed,4,CSM
424,139,Home,Online,2021-07-19,2022-11-29,Active,6,PMS
425,108,Life,Agent,2022-03-20,2023-09-24,Active,6,PMS
426,113,Auto,Agent,2022-11-14,2024-05-24,Active,5,LPS
427,107,Life,Online,2021-01-31,2022-11-25,Lapsed,4,PMS
428,180,Auto,Agent,2023-09-11,2024-11-19,Active,3,PMS
429,122,Auto,Online,2021-09-02,2021-08-13,Lapsed,2,PMS
430,179,Home,Online,2023-04-20,2023-07-02,Active,7,LPS
431,189,Life,Broker,2021-07-30,2023-06-10,Active,1,CSM
432,108,Auto,Online,2022-09-26,2023-07-21,Lapsed,1,PMS
433,199,Auto,Broker,2023-01-01,2024-12-19,Cancelled,7,PMS
434,106,Auto,Broker,2021-07-21,2021-06-22,Active,4,LPS
435,181,Auto,Agent,2021-10-31,2023-08-18,Active,9,PMS
436,171,Life,Broker,2021-02-17,2021-03-21,Active,4,CSM
437,184,Home,Agent,2021-08-18,2022-12-20,Lapsed,4,LPS
438,189,Home,Online,2021-04-07,2022-06-01,Active,8,LPS
439,166,Auto,Agent,2022-06-19,2023-02-19,Cancelled,5,PMS
440,160,Home,Agent,2022-01-09,2022-09-29,Cancelled,9,PMS
441,116,Auto,Agent,2023-08-08,2024-04-16,Lapsed,7,CSM
442,156,Home,Online,2022-02-08,2022-09-15,Lapsed,7,LPS
443,123,Home,Online,2023-04-13,2025-03-09,Lapsed,8,LPS
444,124,Life,Broker,2021-06-10,2022-03-15,Lapsed,3,LPS
445,104,Auto,Online,2021-06-30,2021-09-10,Lapsed,6,LPS
446,149,Life,Broker,2021-04-16,2021-08-08,Active,5,LPS
447,187,Home,Online,2022-04-16,2023-04-24,Lapsed,1,CSM
448,130,Auto,Agent,2023-08-24,2024-10-10,Lapsed,6,CSM
449,154,Auto,Broker,2021-01-23,2022-07-23,Cancelled,7,CSM
450,125,Auto,Online,2021-04-26,2023-04-09,Cancelled,7,LPS
451,120,Auto,Online,2022-07-24,2023-07-15,Active,9,CSM
452,197,Auto,Online,2022-09-19,2023-05-28,Cancelled,6,LPS
453,157,Auto,Agent,2021-07-01,2021-10-13,Cancelled,3,CSM
454,123,Home,Broker,2023-01-10,2023-05-08,Cancelled,4,PMS
455,127,Auto,Broker,2022-12-22,2023-07-26,Active,8,PMS
456,129,Home,Broker,2022-12-05,2023-08-05,Lapsed,4,LPS
457,133,Life,Online,2021-08-16,2022-08-11,Cancelled,6,CSM
458,153,Home,Broker,2021-06-17,2022-02-03,Active,2,PMS
459,151,Life,Broker,2021-03-16,2022-02-02,Active,2,LPS
460,186,Auto,Online,2022-04-24,2024-01-01,Active,1,PMS
461,107,Home,Online,2022-08-11,2024-02-23,Active,5,PMS
462,109,Home,Online,2021-03-14,2022-08-10,Active,4,LPS
463,154,Home,Online,2021-06-28,2023-02-20,Cancelled,4,PMS
464,100,Life,Agent,2023-07-08,2024-04-05,Lapsed,5,PMS
465,183,Auto,Agent,2021-07-22,2022-10-25,Lapsed,4,LPS
466,136,Home,Broker,2021-01-25,2022-07-15,Active,6,LPS
467,181,Life,Agent,2021-05-16,2021-11-19,Active,9,LPS
468,120,Home,Online,2023-09-16,2023-11-13,Active,2,PMS
469,103,Home,Agent,2022-05-06,2023-06-26,Cancelled,4,CSM
470,142,Home,Online,2023-05-07,2024-11-08,Active,1,LPS
471,165,Home,Agent,2021-08-10,2022-04-24,Cancelled,7,CSM
472,120,Life,Online,2021-07-29,2021-09-05,Active,5,CSM
473,136,Auto,Broker,2022-04-10,2023-10-12,Active,8,PMS
474,168,Auto,Broker,2021-09-22,2022-07-08,Cancelled,7,LPS
475,180,Home,Agent,2022-11-04,2023-06-30,Lapsed,6,PMS
476,147,Life,Online,2021-08-12,2022-12-11,Active,7,LPS
477,110,Auto,Broker,2021-04-19,2021-12-06,Active,1,LPS
478,194,Auto,Online,2022-03-16,2022-05-12,Active,8,CSM
479,191,Home,Agent,2023-05-28,2024-04-01,Active,8,PMS
480,143,Home,Online,2021-07-06,2022-04-06,Active,2,CSM
481,163,Life,Online,2022-06-04,2023-04-13,Active,1,PMS
482,131,Auto,Agent,2022-10-16,2023-01-12,Active,3,CSM
483,120,Home,Broker,2023-09-14,2024-03-17,Active,7,LPS
484,170,Life,Agent,2021-07-02,2021-10-04,Active,7,LPS
485,109,Life,Online,2023-05-26,2025-04-13,Active,8,LPS
486,160,Life,Agent,2023-07-06,2025-01-23,Active,5,PMS
487,191,Auto,Agent,2022-08-14,2024-04-15,Lapsed,4,LPS
488,135,Auto,Online,2021-03-04,2022-06-09,Active,4,PMS
489,183,Auto,Agent,2021-05-06,2023-01-14,Active,6,CSM
490,176,Life,Broker,2022-08-08,2024-06-08,Active,2,CSM
491,118,Life,Broker,2023-08-29,2024-11-29,Lapsed,1,CSM
492,174,Home,Agent,2022-12-04,2024-09-27,Active,2,LPS
493,198,Home,Online,2021-09-25,2023-07-16,Active,3,PMS
494,197,Auto,Agent,2023-01-29,2023-04-23,Lapsed,6,LPS
495,143,Auto,Agent,2022-09-23,2023-12-12,Active,5,LPS
496,103,Home,Broker,2022-01-08,2022-05-21,Lapsed,3,LPS
497,112,Auto,Broker,2023-01-19,2023-06-03,Active,7,PMS
498,158,Home,Online,2022-12-19,2024-07-28,Lapsed,5,PMS
499,101,Home,Online,2023-06-28,2024-07-10,Lapsed,2,LPS
500,100,Home,Online,2023-02-17,2025-01-25,Active,1,LPS
501,139,Life,Agent,2023-02-08,2024-05-22,Active,8,PMS
502,124,Auto,Agent,2022-12-01,2023-10-13,Active,9,LPS
503,158,Life,Agent,2023-08-14,2024-11-13,Active,3,PMS
504,136,Auto,Agent,2023-02-05,2023-07-28,Active,9,CSM
505,199,Life,Online,2023-06-20,2025-01-10,Cancelled,6,CSM
506,169,Auto,Online,2022-09-15,2023-06-19,Active,4,LPS
507,106,Auto,Online,2022-11-02,2024-09-11,Cancelled,3,PMS
508,103,Home,Agent,2021-06-27,2022-12-02,Cancelled,3,PMS
509,198,Life,Agent,2023-02-01,2024-10-12,Active,7,LPS
510,140,Life,Online,2023-03-08,2023-08-10,Active,9,LPS
511,160,Auto,Broker,2022-09-27,2024-01-21,Cancelled,2,PMS
512,133,Life,Online,2022-02-01,2023-03-01,Active,5,CSM
513,128,Auto,Agent,2023-04-03,2025-01-03,Active,2,LPS
514,168,Auto,Agent,2023-04-08,2023-06-01,Active,4,PMS
515,126,Home,Online,2023-04-04,2024-08-29,Active,8,CSM
516,196,Auto,Broker,2022-05-24,2023-03-31,Lapsed,4,LPS
517,151,Life,Broker,2021-01-02,2022-01-23,Active,1,CSM
518,173,Home,Agent,2023-01-31,2023-12-07,Cancelled,8,CSM
519,153,Auto,Agent,2023-02-23,2024-07-09,Lapsed,4,LPS
520,169,Home,Agent,2022-02-19,2022-12-19,Active,1,PMS
521,133,Home,Online,2022-11-03,2024-05-19,Active,9,PMS
522,107,Auto,Agent,2021-02-25,2022-11-14,Lapsed,4,PMS
523,194,Life,Agent,2022-05-20,2023-02-22,Active,8,CSM
524,172,Auto,Agent,2023-06-07,2024-04-11,Active,5,CSM
525,184,Auto,Broker,2023-07-24,2023-12-10,Active,2,CSM
526,107,Auto,Broker,2022-05-10,2023-05-05,Lapsed,7,LPS
527,167,Auto,Agent,2023-05-13,2025-03-28,Lapsed,5,LPS
528,185,Auto,Broker,2023-05-29,2024-08-22,Active,4,LPS
529,191,Life,Broker,2022-07-10,2022-11-11,Active,7,CSM
530,167,Home,Broker,2022-11-11,2024-09-17,Active,7,LPS
531,184,Life,Broker,2022-12-25,2024-05-16,Active,5,LPS
532,171,Auto,Online,2021-08-26,2022-12-28,Lapsed,3,CSM
533,183,Home,Broker,2021-06-29,2023-05-31,Active,8,CSM
534,195,Home,Broker,2022-02-05,2023-03-04,Cancelled,4,CSM
535,100,Home,Broker,2021-02-08,2021-11-10,Active,2,PMS
536,105,Life,Broker,2023-07-28,2023-09-25,Cancelled,1,LPS
537,191,Life,Online,2021-03-28,2021-08-31,Active,7,LPS
538,130,Life,Online,2022-10-01,2024-02-17,Cancelled,2,CSM
539,173,Auto,Agent,2023-06-14,2025-05-21,Active,6,CSM
540,183,Life,Broker,2023-08-16,2024-06-06,Cancelled,5,PMS
541,107,Life,Broker,2021-04-04,2021-09-08,Lapsed,7,LPS
542,121,Life,Agent,2022-08-06,2024-07-29,Active,4,CSM
543,192,Home,Online,2022-07-31,2024-04-14,Cancelled,2,PMS
544,108,Home,Agent,2022-02-26,2022-04-15,Active,8,LPS
545,143,Auto,Online,2022-09-17,2024-02-11,Active,8,CSM
546,146,Home,Agent,2023-04-05,2025-02-03,Active,9,LPS
547,100,Auto,Agent,2023-07-15,2024-01-22,Cancelled,1,PMS
548,151,Home,Broker,2021-03-26,2021-07-27,Cancelled,1,LPS
549,138,Auto,Agent,2022-11-24,2023-11-20,Active,3,PMS
550,189,Auto,Online,2021-08-06,2023-01-03,Active,7,CSM
551,174,Home,Online,2022-08-09,2024-01-24,Active,2,PMS
552,198,Home,Agent,2022-05-28,2023-05-30,Active,6,CSM
553,187,Life,Online,2022-03-27,2023-01-18,Cancelled,2,PMS
554,196,Life,Agent,2022-12-03,2023-01-27,Cancelled,8,LPS
555,183,Auto,Broker,2021-01-26,2022-10-05,Active,4,CSM
556,126,Auto,Broker,2023-01-17,2024-02-10,Cancelled,4,PMS
557,178,Auto,Broker,2022-07-26,2022-12-24,Active,3,LPS
558,132,Home,Broker,2023-05-15,2024-07-14,Active,5,LPS
559,170,Home,Agent,2022-05-21,2023-05-26,Active,6,PMS
560,197,Life,Online,2022-02-28,2023-05-20,Active,5,LPS
561,144,Home,Agent,2023-03-30,2023-06-25,Lapsed,7,CSM
562,159,Auto,Online,2022-02-27,2023-10-16,Lapsed,9,LPS
563,157,Life,Agent,2022-02-04,2022-03-07,Active,1,LPS
564,150,Home,Online,2021-05-26,2023-01-11,Active,7,PMS
565,145,Auto,Online,2022-11-28,2024-08-09,Lapsed,8,CSM
566,104,Home,Agent,2023-05-25,2023-08-06,Cancelled,7,PMS
567,157,Home,Broker,2021-07-04,2021-10-25,Active,6,CSM
568,193,Home,Agent,2022-08-02,2023-03-21,Active,5,CSM
569,191,Auto,Broker,2023-05-23,2023-07-26,Active,8,LPS
570,117,Auto,Agent,2022-11-07,2024-01-01,Lapsed,4,LPS
571,135,Home,Online,2022-05-25,2022-07-15,Active,7,LPS
572,166,Auto,Broker,2021-11-02,2022-06-18,Active,4,LPS
573,120,Home,Online,2021-04-23,2022-08-29,Active,8,PMS
574,145,Life,Online,2021-06-09,2021-10-28,Active,9,PMS
575,157,Auto,Online,2021-07-08,2023-04-16,Active,5,CSM
576,179,Home,Agent,2022-03-26,2022-07-11,Active,9,LPS
577,136,Home,Online,2022-03-13,2023-06-18,Cancelled,3,CSM
578,162,Home,Agent,2021-12-01,2023-03-06,Active,7,PMS
579,104,Life,Broker,2022-06-08,2023-05-13,Active,7,LPS
580,177,Auto,Online,2023-08-30,2025-03-24,Lapsed,6,LPS
581,130,Home,Broker,2021-02-20,2022-01-05,Active,8,LPS
582,187,Home,Broker,2022-03-14,2022-10-09,Active,9,PMS
583,198,Home,Agent,2022-02-11,2023-01-14,Active,3,CSM
584,135,Auto,Broker,2021-02-21,2022-01-19,Active,3,LPS
585,173,Life,Agent,2022-07-07,2024-04-25,Lapsed,1,LPS
586,190,Life,Agent,2022-03-10,2023-03-25,Active,9,CSM
587,155,Home,Broker,2021-04-28,2022-12-07,Active,2,CSM
588,126,Home,Broker,2023-01-11,2023-09-30,Active,8,CSM
589,122,Auto,Broker,2021-03-08,2023-02-01,Active,6,LPS
590,176,Home,Agent,2021-06-14,2022-06-21,Lapsed,8,LPS
591,179,Life,Agent,2021-05-20,2023-02-20,Active,6,LPS
592,198,Auto,Broker,2021-01-28,2022-09-26,Cancelled,7,CSM
593,190,Auto,Agent,2023-06-08,2023-08-12,Active,3,LPS
594,151,Home,Broker,2021-01-12,2022-09-22,Active,8,PMS
595,146,Life,Agent,2023-07-21,2024-05-24,Cancelled,8,LPS
596,180,Auto,Agent,2021-04-11,2022-07-30,Active,5,CSM
597,161,Auto,Online,2023-09-17,2024-01-28,Active,4,PMS
598,160,Home,Online,2022-01-25,2023-09-05,Active,4,CSM
599,147,Life,Broker,2022-04-04,2023-11-15,Active,6,LPS
600,100,Life,Online,2023-01-12,2023-05-14,Cancelled,6,PMS
601,110,Auto,Agent,2022-10-31,2023-02-15,Cancelled,7,LPS
602,175,Life,Broker,2022-01-28,2022-03-17,Active,2,CSM
603,113,Home,Online,2022-10-04,2023-07-30,Cancelled,3,LPS
604,171,Home,Broker,2021-09-13,2022-09-04,Active,1,LPS
605,194,Auto,Broker,2023-02-09,2023-06-13,Active,3,CSM
606,106,Auto,Agent,2022-03-22,2023-03-12,Cancelled,6,CSM
607,145,Life,Online,2022-11-23,2023-11-30,Lapsed,3,LPS
608,130,Home,Agent,2022-02-24,2022-10-02,Cancelled,1,CSM
609,115,Life,Broker,2022-08-10,2024-07-26,Lapsed,4,LPS
610,141,Life,Broker,2021-05-24,2023-05-01,Cancelled,9,LPS
611,138,Auto,Broker,2023-07-18,2024-11-19,Lapsed,4,PMS
612,153,Home,Online,2022-09-22,2022-12-04,Active,2,LPS
613,143,Home,Agent,2023-05-17,2024-09-12,Lapsed,1,LPS
614,182,Life,Agent,2023-02-18,2024-09-22,Active,7,CSM
615,107,Home,Online,2022-09-08,2023-11-23,Active,5,PMS
616,192,Home,Agent,2023-04-30,2024-03-24,Active,7,PMS
617,165,Life,Agent,2021-09-16,2021-11-02,Active,5,PMS
618,141,Auto,Broker,2021-06-21,2021-09-06,Active,2,LPS
619,166,Auto,Broker,2023-07-02,2024-02-21,Active,4,PMS
620,192,Auto,Broker,2022-01-01,2023-04-07,Active,7,PMS
621,178,Life,Online,2022-05-31,2023-03-28,Lapsed,3,CSM
622,191,Home,Broker,2021-09-19,2023-01-27,Lapsed,9,CSM
623,131,Life,Agent,2022-02-09,2022-12-03,Active,9,LPS
624,193,Life,Online,2022-12-26,2024-06-21,Active,3,LPS
625,150,Auto,Agent,2022-05-23,2022-10-02,Active,4,LPS
626,146,Home,Online,2022-01-16,2022-04-11,Lapsed,3,CSM
627,193,Auto,Agent,2022-01-20,2022-11-19,Active,2,PMS
628,133,Home,Online,2021-07-13,2022-08-15,Active,2,PMS
629,112,Home,Agent,2022-12-07,2023-07-12,Lapsed,6,PMS
630,196,Auto,Broker,2023-03-01,2025-02-19,Active,7,CSM
631,180,Auto,Online,2022-10-09,2024-06-23,Lapsed,2,CSM
632,166,Life,Agent,2023-01-26,2023-05-21,Active,8,CSM
633,172,Home,Agent,2022-01-22,2023-01-01,Active,7,CSM
634,110,Home,Agent,2022-02-17,2022-11-30,Active,3,PMS
635,190,Home,Agent,2021-01-27,2022-10-13,Cancelled,3,PMS
636,127,Home,Broker,2023-03-04,2024-09-24,Active,7,CSM
637,156,Home,Broker,2023-07-26,2023-09-09,Active,9,CSM
638,165,Life,Online,2021-06-24,2023-03-28,Lapsed,6,PMS
639,164,Home,Online,2022-08-18,2024-01-14,Active,7,LPS
640,169,Life,Agent,2023-06-10,2024-05-05,Active,6,LPS
641,188,Auto,Online,2021-07-25,2022-08-10,Cancelled,3,CSM
642,134,Life,Agent,2022-12-27,2023-10-23,Active,9,CSM
643,179,Life,Online,2021-12-10,2022-02-10,Lapsed,6,LPS
644,103,Life,Online,2021-06-13,2021-08-30,Active,9,CSM
645,160,Auto,Agent,2023-07-23,2024-09-11,Cancelled,9,LPS
646,137,Home,Broker,2022-12-31,2023-05-17,Lapsed,1,PMS
647,143,Life,Agent,2023-09-21,2025-07-30,Cancelled,1,PMS
648,183,Auto,Broker,2022-02-02,2022-04-27,Active,5,CSM
649,188,Life,Online,2021-09-24,2021-09-02,Active,5,LPS
650,170,Life,Broker,2021-08-09,2023-05-27,Active,6,CSM
651,120,Auto,Agent,2022-01-04,2023-12-09,Active,3,CSM
652,106,Life,Online,2021-12-20,2023-08-26,Active,8,PMS
653,128,Life,Broker,2023-04-29,2025-01-17,Active,7,LPS
654,106,Home,Broker,2022-07-21,2022-11-14,Lapsed,2,LPS
655,166,Auto,Agent,2022-09-30,2023-01-27,Active,8,CSM
656,192,Life,Online,2021-10-05,2022-10-31,Lapsed,3,PMS
657,192,Auto,Online,2021-05-01,2022-06-11,Active,1,LPS
658,169,Auto,Broker,2021-11-04,2022-08-31,Lapsed,7,LPS
659,173,Home,Broker,2022-05-14,2024-05-09,Active,8,CSM
660,154,Home,Broker,2021-04-20,2023-03-31,Cancelled,4,PMS
661,177,Home,Online,2021-06-03,2023-05-28,Lapsed,4,LPS
662,121,Life,Broker,2022-04-14,2023-12-27,Active,7,PMS
663,131,Life,Broker,2021-06-19,2021-08-13,Active,2,CSM
664,181,Life,Online,2022-01-31,2023-05-17,Cancelled,2,CSM
665,135,Life,Online,2022-06-23,2023-02-24,Active,6,LPS
666,108,Life,Agent,2022-03-25,2023-03-27,Active,2,PMS
667,125,Life,Online,2021-09-15,2021-12-17,Active,2,LPS
668,121,Auto,Online,2021-01-10,2021-06-03,Active,4,LPS
669,145,Auto,Agent,2021-12-17,2022-06-30,Active,7,PMS
670,186,Home,Online,2021-03-20,2022-12-31,Active,6,CSM
671,116,Life,Agent,2022-04-08,2023-05-28,Cancelled,3,PMS
672,125,Auto,Online,2021-03-23,2022-01-27,Lapsed,2,PMS
673,137,Home,Agent,2021-12-11,2023-03-07,Cancelled,4,LPS
674,101,Home,Broker,2021-09-26,2023-04-15,Active,3,CSM
675,105,Home,Broker,2022-10-07,2023-01-05,Active,2,CSM
676,170,Home,Broker,2021-08-22,2022-05-10,Cancelled,1,LPS
677,112,Auto,Agent,2023-03-05,2024-07-01,Active,1,LPS
678,190,Auto,Broker,2023-09-12,2024-06-03,Active,6,CSM
679,174,Auto,Online,2021-03-29,2022-08-03,Lapsed,5,LPS
680,154,Home,Agent,2023-05-16,2024-01-17,Active,4,PMS
681,178,Home,Online,2023-01-25,2024-06-26,Cancelled,9,PMS
682,162,Life,Online,2023-04-27,2024-11-26,Lapsed,3,LPS
683,172,Life,Online,2021-04-08,2022-10-30,Active,1,PMS
684,171,Home,Agent,2021-05-21,2021-10-28,Cancelled,5,LPS
685,145,Auto,Online,2021-10-17,2023-01-30,Active,9,CSM
686,105,Home,Broker,2022-08-20,2023-12-26,Active,4,LPS
687,147,Life,Agent,2023-01-21,2023-02-28,Active,8,CSM
688,159,Life,Broker,2021-09-10,2022-07-11,Active,6,LPS
689,142,Auto,Agent,2021-07-03,2023-07-02,Active,2,LPS
690,167,Home,Online,2021-05-30,2022-02-06,Active,4,PMS
691,110,Life,Broker,2021-05-23,2023-05-10,Active,1,PMS
692,157,Auto,Agent,2023-07-31,2024-01-04,Lapsed,5,PMS
693,191,Life,Online,2023-03-12,2024-11-23,Active,2,PMS
694,189,Auto,Online,2023-02-26,2024-04-20,Active,4,LPS
695,103,Life,Agent,2021-10-08,2022-04-28,Lapsed,5,PMS
696,178,Life,Agent,2023-04-02,2024-12-20,Lapsed,9,LPS
697,182,Home,Agent,2022-03-11,2023-08-24,Active,9,LPS
698,169,Auto,Agent,2023-08-31,2025-03-31,Cancelled,6,CSM
699,158,Auto,Broker,2022-07-22,2022-12-12,Active,1,LPS
700,104,Life,Agent,2021-11-07,2022-04-29,Lapsed,4,PMS
701,117,Home,Online,2022-04-25,2023-05-28,Active,6,CSM
702,169,Life,Broker,2023-01-04,2024-05-04,Active,9,CSM
703,163,Life,Online,2023-04-21,2023-06-21,Active,1,CSM
704,194,Life,Online,2023-01-22,2023-04-07,Cancelled,6,LPS
705,124,Auto,Agent,2022-04-02,2022-05-23,Active,6,PMS
706,103,Home,Broker,2021-05-11,2023-01-23,Active,9,CSM
707,169,Life,Agent,2022-09-20,2023-03-31,Lapsed,3,LPS
708,140,Life,Online,2021-05-22,2023-04-01,Active,1,LPS
709,136,Life,Agent,2022-09-02,2023-10-30,Active,8,CSM
710,158,Auto,Agent,2023-01-27,2024-02-10,Active,8,PMS
711,149,Life,Agent,2023-04-19,2024-02-09,Active,1,LPS
712,155,Auto,Agent,2021-08-07,2022-09-17,Lapsed,4,CSM
713,124,Auto,Agent,2022-10-14,2024-05-24,Cancelled,2,LPS
714,133,Auto,Agent,2022-06-16,2022-10-18,Lapsed,1,PMS
715,118,Auto,Broker,2021-10-04,2022-04-07,Cancelled,9,PMS
716,197,Auto,Agent,2021-11-01,2023-02-11,Active,1,PMS
717,178,Home,Broker,2021-12-14,2023-08-16,Active,7,PMS
718,107,Auto,Agent,2021-08-04,2022-03-31,Active,3,LPS
719,153,Auto,Broker,2021-02-22,2023-02-19,Active,2,PMS
720,146,Life,Online,2021-10-09,2022-09-05,Active,4,CSM
721,133,Home,Broker,2021-10-28,2022-08-20,Lapsed,5,PMS
722,181,Home,Broker,2021-03-17,2023-03-01,Active,6,PMS
723,129,Life,Online,2021-06-02,2021-11-30,Active,2,CSM
724,112,Auto,Agent,2022-08-26,2024-01-28,Lapsed,7,PMS
725,146,Home,Agent,2021-03-10,2021-06-29,Cancelled,2,PMS
726,132,Auto,Broker,2022-11-10,2023-06-17,Active,4,CSM
727,134,Life,Agent,2022-07-11,2023-10-22,Lapsed,9,PMS
728,187,Home,Agent,2021-02-27,2022-03-23,Active,3,LPS
729,125,Auto,Online,2023-09-15,2024-02-09,Lapsed,7,LPS
730,146,Home,Agent,2021-08-20,2023-08-17,Active,1,PMS
731,152,Home,Agent,2021-06-26,2021-11-05,Active,5,LPS
732,164,Auto,Broker,2021-11-05,2022-07-12,Cancelled,5,CSM
733,176,Auto,Agent,2021-07-12,2021-09-03,Active,1,LPS
734,173,Home,Agent,2021-08-29,2023-03-27,Active,4,PMS
735,118,Life,Broker,2023-04-07,2024-06-30,Lapsed,4,PMS
736,104,Home,Broker,2022-06-14,2023-07-26,Cancelled,7,PMS
737,107,Life,Broker,2022-08-05,2023-08-06,Active,8,PMS
738,103,Home,Agent,2021-12-15,2022-08-13,Lapsed,7,CSM
739,148,Auto,Agent,2021-10-26,2023-04-03,Active,8,PMS
740,176,Life,Agent,2022-03-09,2023-04-19,Active,2,CSM
741,137,Life,Agent,2023-08-25,2024-10-10,Lapsed,7,CSM
742,148,Home,Agent,2021-04-10,2022-11-26,Active,9,PMS
743,182,Home,Agent,2023-08-11,2024-02-10,Active,3,LPS
744,151,Life,Broker,2023-03-02,2024-04-27,Cancelled,6,LPS
745,149,Auto,Broker,2021-11-14,2022-01-12,Lapsed,1,LPS
746,171,Life,Agent,2022-02-10,2023-02-10,Active,3,PMS
747,190,Life,Online,2021-05-18,2023-03-02,Active,6,LPS
748,149,Auto,Broker,2021-11-27,2022-03-01,Active,4,CSM
749,129,Auto,Agent,2021-09-09,2023-08-31,Cancelled,1,LPS
750,103,Home,Broker,2021-12-18,2023-04-06,Active,6,CSM
751,174,Home,Online,2021-08-13,2022-05-15,Active,3,LPS
752,184,Home,Broker,2023-06-01,2023-08-25,Lapsed,4,CSM
753,165,Auto,Broker,2023-06-16,2023-12-02,Lapsed,4,LPS
754,120,Life,Broker,2021-04-25,2022-10-05,Cancelled,1,LPS
755,180,Auto,Broker,2022-10-12,2023-10-19,Cancelled,7,CSM
756,142,Home,Agent,2022-07-01,2023-03-14,Active,7,LPS
757,128,Life,Online,2021-02-11,2022-06-29,Lapsed,2,LPS
758,126,Home,Agent,2021-01-04,2022-02-09,Lapsed,7,LPS
759,187,Life,Broker,2022-01-06,2022-09-17,Cancelled,6,PMS
760,152,Auto,Broker,2022-02-06,2022-09-20,Active,7,PMS
761,148,Home,Broker,2021-11-15,2023-02-25,Active,3,LPS
762,166,Auto,Online,2023-08-28,2024-03-12,Lapsed,1,LPS
763,109,Auto,Online,2021-04-13,2021-07-08,Active,2,PMS
764,102,Auto,Agent,2021-08-28,2022-01-15,Active,9,CSM
765,189,Life,Broker,2021-08-15,2022-08-09,Active,1,LPS
766,190,Auto,Online,2023-06-02,2023-05-13,Cancelled,5,LPS
767,168,Auto,Broker,2021-06-15,2022-02-02,Active,9,CSM
768,110,Life,Agent,2022-06-26,2022-12-23,Lapsed,3,CSM
769,112,Auto,Agent,2022-01-24,2022-12-04,Lapsed,8,CSM
770,197,Auto,Online,2021-11-06,2022-11-15,Active,9,LPS
771,137,Auto,Agent,2022-05-05,2023-11-02,Lapsed,1,CSM
772,139,Life,Online,2021-12-27,2023-09-14,Active,7,CSM
773,132,Life,Broker,2022-02-21,2022-06-24,Active,5,PMS
774,133,Home,Online,2022-12-28,2023-05-18,Active,1,CSM
775,126,Auto,Agent,2022-05-17,2023-08-26,Lapsed,6,LPS
776,199,Life,Broker,2022-07-14,2023-01-02,Active,8,LPS
777,189,Auto,Agent,2021-04-18,2022-08-13,Active,2,PMS
778,150,Life,Broker,2021-03-01,2021-06-26,Active,3,LPS
779,188,Life,Broker,2022-02-16,2023-08-15,Active,1,LPS
780,182,Life,Broker,2022-03-19,2023-07-03,Cancelled,9,PMS
781,120,Home,Broker,2023-02-24,2024-12-31,Active,6,CSM
782,194,Auto,Agent,2021-04-14,2022-12-21,Active,7,CSM
783,128,Life,Online,2021-07-14,2022-11-18,Active,7,LPS
784,172,Auto,Broker,2021-02-19,2021-08-14,Cancelled,4,PMS
785,118,Life,Agent,2022-01-29,2023-05-21,Lapsed,3,CSM
786,125,Auto,Agent,2022-04-18,2022-08-14,Active,5,LPS
787,124,Auto,Agent,2022-03-07,2023-01-15,Active,2,CSM
788,139,Life,Online,2021-12-06,2023-10-01,Lapsed,9,LPS
789,128,Auto,Agent,2021-03-02,2022-05-12,Active,7,CSM
790,124,Home,Agent,2023-06-12,2024-01-12,Active,3,CSM
791,118,Home,Online,2022-07-25,2023-05-15,Lapsed,6,LPS
792,167,Auto,Agent,2023-08-15,2024-04-11,Cancelled,2,CSM
793,144,Auto,Agent,2021-01-21,2022-12-05,Active,7,LPS
794,183,Life,Online,2021-10-30,2023-04-24,Active,7,PMS
795,145,Life,Online,2021-06-08,2022-03-07,Active,1,CSM
796,154,Auto,Online,2021-02-23,2023-02-13,Active,4,PMS
797,100,Auto,Broker,2021-09-18,2022-06-12,Active,8,LPS
798,110,Auto,Online,2023-01-05,2023-08-01,Cancelled,1,CSM
799,167,Auto,Broker,2021-08-01,2021-12-04,Active,7,CSM
800,106,Home,Broker,2021-08-05,2022-10-04,Lapsed,9,CSM
801,191,Auto,Online,2023-02-03,2023-10-12,Active,3,PMS
802,199,Life,Broker,2022-03-23,2024-01-30,Cancelled,9,CSM
803,157,Home,Agent,2023-07-17,2024-10-20,Active,2,CSM
804,170,Auto,Agent,2023-01-07,2024-11-08,Active,4,LPS
805,119,Life,Online,2022-12-30,2023-11-06,Lapsed,5,CSM
806,134,Home,Broker,2022-11-26,2024-07-24,Active,5,CSM
807,150,Auto,Agent,2023-07-19,2024-08-29,Active,2,PMS
808,120,Auto,Broker,2021-04-17,2022-12-23,Cancelled,2,PMS
809,143,Auto,Broker,2021-01-11,2021-08-07,Cancelled,6,CSM
810,100,Auto,Agent,2021-09-03,2022-08-14,Cancelled,7,PMS
811,166,Home,Online,2022-10-30,2023-01-19,Active,9,CSM
812,197,Life,Broker,2021-07-27,2022-03-31,Lapsed,2,CSM
813,112,Auto,Agent,2023-02-12,2024-01-26,Lapsed,1,CSM
814,115,Home,Online,2022-04-20,2023-01-02,Lapsed,1,CSM
815,133,Home,Broker,2022-11-20,2023-08-26,Cancelled,1,CSM
816,123,Life,Broker,2021-10-22,2023-03-20,Active,3,PMS
817,112,Home,Broker,2021-10-27,2022-12-01,Cancelled,9,LPS
818,105,Home,Broker,2021-12-28,2022-11-14,Cancelled,2,CSM
819,138,Life,Online,2023-01-06,2023-05-05,Active,1,CSM
820,101,Home,Broker,2021-08-23,2022-11-20,Lapsed,9,CSM
821,110,Home,Agent,2023-03-17,2023-06-01,Active,2,CSM
822,106,Life,Agent,2021-11-09,2022-01-07,Active,7,PMS
823,106,Home,Agent,2023-05-04,2024-04-11,Lapsed,1,CSM
824,138,Life,Online,2023-01-18,2023-10-05,Lapsed,9,LPS
825,175,Auto,Agent,2023-03-14,2024-04-03,Cancelled,9,LPS
826,185,Auto,Broker,2021-06-06,2021-08-30,Active,1,CSM
827,150,Auto,Broker,2023-04-25,2024-09-19,Active,9,CSM
828,151,Auto,Agent,2023-07-22,2024-01-16,Lapsed,4,CSM
829,102,Home,Online,2023-08-01,2023-10-24,Cancelled,4,LPS
830,176,Auto,Online,2021-05-27,2022-07-07,Cancelled,1,PMS
831,129,Life,Broker,2021-11-17,2022-11-02,Active,8,PMS
832,109,Life,Broker,2022-12-16,2023-09-29,Active,5,PMS
833,172,Life,Agent,2022-11-08,2024-09-30,Active,3,LPS
834,105,Life,Online,2021-11-21,2022-08-11,Lapsed,2,LPS
835,153,Auto,Agent,2022-09-12,2024-08-29,Active,7,PMS
836,165,Life,Broker,2023-05-31,2023-10-22,Cancelled,3,CSM
837,143,Auto,Broker,2022-05-12,2022-06-19,Active,4,CSM
838,179,Life,Agent,2022-07-16,2023-02-06,Active,5,PMS
839,162,Life,Online,2021-10-25,2023-08-10,Active,8,PMS
840,176,Auto,Broker,2021-12-29,2023-07-15,Active,3,LPS
841,147,Auto,Broker,2023-06-17,2024-10-25,Lapsed,1,LPS
842,176,Home,Online,2023-09-18,2024-05-09,Active,2,LPS
843,121,Home,Broker,2023-02-10,2024-04-14,Active,7,PMS
844,118,Home,Online,2023-08-20,2024-11-26,Active,9,PMS
845,189,Life,Online,2022-07-15,2022-12-27,Cancelled,8,CSM
846,113,Life,Broker,2022-08-07,2023-02-04,Active,8,LPS
847,194,Life,Agent,2021-11-24,2022-12-10,Active,2,CSM
848,192,Home,Broker,2022-10-08,2024-03-15,Lapsed,4,CSM
849,185,Home,Broker,2022-08-15,2022-10-05,Cancelled,3,CSM
850,106,Home,Broker,2022-01-15,2022-05-28,Cancelled,8,LPS
851,148,Life,Broker,2021-11-16,2022-05-07,Active,3,PMS
852,140,Auto,Agent,2021-07-10,2022-06-22,Active,9,LPS
853,126,Home,Agent,2021-12-05,2023-05-14,Active,8,LPS
854,130,Auto,Agent,2021-05-03,2023-02-01,Active,7,LPS
855,105,Life,Online,2022-10-22,2023-05-31,Lapsed,4,CSM
856,115,Home,Agent,2022-12-02,2023-11-23,Lapsed,6,CSM
857,163,Life,Online,2021-09-29,2022-08-14,Active,1,CSM
858,137,Auto,Broker,2023-01-15,2024-03-26,Active,5,PMS
859,159,Life,Agent,2022-12-21,2023-08-09,Lapsed,6,PMS
860,195,Life,Agent,2021-11-11,2022-03-16,Active,7,PMS
861,196,Home,Agent,2022-04-05,2023-09-12,Lapsed,6,PMS
862,180,Auto,Agent,2022-06-11,2022-07-25,Cancelled,2,LPS
863,132,Home,Agent,2021-10-10,2023-01-08,Active,7,CSM
864,162,Life,Broker,2021-06-18,2022-08-15,Cancelled,6,CSM
865,110,Life,Agent,2022-10-19,2023-07-04,Active,1,LPS
866,112,Auto,Online,2022-10-17,2022-12-10,Active,9,LPS
867,193,Life,Online,2022-06-02,2022-07-07,Active,9,CSM
868,164,Home,Agent,2023-03-20,2024-11-25,Cancelled,4,CSM
869,129,Auto,Online,2023-06-22,2024-09-06,Active,8,PMS
870,190,Life,Agent,2023-07-14,2025-04-11,Active,6,PMS
871,122,Home,Broker,2022-06-03,2022-07-25,Cancelled,3,LPS
872,119,Home,Online,2022-04-27,2024-02-03,Active,6,CSM
873,105,Auto,Agent,2023-03-23,2024-09-05,Active,1,CSM
874,136,Life,Online,2021-03-30,2021-11-15,Active,5,PMS
875,183,Home,Agent,2023-08-04,2024-05-14,Cancelled,7,PMS
876,105,Auto,Online,2023-09-08,2025-01-08,Active,3,CSM
877,192,Home,Broker,2022-03-05,2023-03-11,Lapsed,7,LPS
878,176,Life,Online,2022-03-01,2024-01-30,Active,2,PMS
879,126,Home,Online,2022-07-20,2022-10-15,Active,5,CSM
880,183,Life,Online,2021-12-24,2023-09-19,Active,8,LPS
881,112,Home,Online,2022-02-18,2023-09-14,Active,4,CSM
882,107,Life,Agent,2023-02-07,2024-06-29,Active,8,CSM
883,152,Home,Broker,2021-02-12,2023-01-15,Active,1,CSM
884,180,Home,Broker,2021-07-23,2023-02-26,Active,6,LPS
885,129,Auto,Online,2021-08-21,2022-01-18,Cancelled,3,LPS
886,100,Life,Online,2021-11-03,2023-07-06,Active,9,CSM
887,187,Home,Broker,2021-07-07,2022-12-09,Active,6,CSM
888,179,Auto,Broker,2023-05-21,2024-03-01,Active,1,LPS
889,174,Home,Broker,2021-07-05,2022-07-24,Lapsed,7,CSM
890,103,Auto,Broker,2023-08-02,2024-12-26,Active,1,CSM
891,161,Home,Online,2022-09-05,2023-06-02,Active,2,LPS
892,167,Auto,Broker,2023-07-27,2024-04-19,Cancelled,4,PMS
893,116,Life,Online,2022-07-18,2023-11-14,Active,5,LPS
894,173,Home,Online,2022-03-18,2023-12-09,Cancelled,7,PMS
895,184,Life,Broker,2022-12-11,2024-01-09,Cancelled,1,PMS
896,156,Life,Agent,2021-07-20,2022-11-29,Active,8,LPS
897,162,Auto,Online,2022-01-07,2022-05-03,Lapsed,5,PMS
898,156,Life,Broker,2021-12-08,2023-11-19,Lapsed,4,CSM
899,148,Auto,Online,2021-01-22,2022-01-02,Lapsed,4,LPS
900,117,Auto,Agent,2021-08-17,2022-11-30,Lapsed,4,PMS
901,157,Auto,Broker,2023-06-06,2024-01-03,Cancelled,3,PMS
902,109,Auto,Online,2023-05-14,2023-11-16,Lapsed,2,LPS
903,162,Auto,Agent,2022-10-26,2023-08-12,Active,4,LPS
904,179,Home,Agent,2022-03-12,2023-04-27,Lapsed,9,CSM
905,178,Home,Online,2021-09-17,2022-01-12,Active,2,PMS
906,133,Life,Broker,2022-10-18,2023-02-28,Cancelled,9,LPS
907,104,Home,Broker,2021-10-13,2023-04-25,Active,9,PMS
908,116,Auto,Online,2023-05-08,2023-08-08,Cancelled,5,PMS
909,171,Auto,Agent,2023-06-05,2023-11-18,Active,7,PMS
910,162,Home,Agent,2021-01-09,2022-06-27,Active,4,LPS
911,123,Life,Agent,2023-04-14,2024-09-04,Cancelled,7,CSM
912,191,Life,Agent,2023-01-02,2022-12-30,Cancelled,6,PMS
913,107,Home,Online,2022-08-30,2024-01-07,Active,9,LPS
914,122,Auto,Agent,2023-03-07,2024-02-25,Active,1,PMS
915,198,Auto,Online,2021-08-25,2023-07-03,Active,8,CSM
916,130,Life,Broker,2022-09-07,2023-01-24,Active,7,PMS
917,180,Home,Broker,2022-01-19,2022-07-23,Active,5,CSM
918,127,Auto,Agent,2021-08-30,2022-04-15,Lapsed,9,LPS
919,147,Life,Agent,2022-08-28,2024-07-22,Lapsed,5,LPS
920,111,Life,Agent,2021-02-05,2022-02-26,Active,6,LPS
921,187,Home,Broker,2022-04-15,2023-05-15,Active,6,PMS
922,178,Life,Online,2023-08-21,2025-02-25,Lapsed,7,CSM
923,130,Auto,Online,2021-04-09,2022-10-16,Lapsed,8,PMS
924,190,Life,Online,2021-08-14,2022-08-28,Active,4,CSM
925,134,Life,Agent,2022-08-24,2023-11-10,Cancelled,9,LPS
926,154,Life,Online,2022-03-21,2023-03-16,Active,2,PMS
927,181,Home,Agent,2023-08-12,2025-07-22,Active,2,LPS
928,135,Auto,Broker,2021-11-10,2022-09-19,Active,9,LPS
929,171,Life,Online,2022-04-07,2022-06-06,Active,2,CSM
930,159,Home,Agent,2023-02-15,2024-11-16,Cancelled,5,CSM
931,137,Life,Online,2023-05-27,2023-11-25,Active,9,CSM
932,168,Auto,Broker,2022-01-12,2023-05-07,Lapsed,4,PMS
933,153,Life,Online,2022-01-23,2023-03-22,Active,2,LPS
934,113,Home,Online,2021-12-23,2023-08-20,Cancelled,7,PMS
935,119,Life,Broker,2022-08-29,2023-06-17,Active,5,CSM
936,108,Life,Agent,2022-07-08,2023-08-06,Active,6,CSM
937,196,Life,Agent,2023-05-03,2024-06-07,Active,1,CSM
938,181,Home,Agent,2022-06-09,2022-10-19,Active,8,LPS
939,169,Life,Online,2023-09-19,2025-07-11,Active,7,LPS
940,101,Life,Online,2021-08-03,2022-07-13,Lapsed,7,CSM
941,129,Home,Agent,2021-01-07,2022-08-05,Active,8,LPS
942,105,Home,Agent,2023-09-07,2024-06-29,Lapsed,3,LPS
943,180,Auto,Online,2021-02-14,2022-04-18,Cancelled,2,PMS
944,140,Home,Agent,2021-05-19,2022-02-15,Active,2,PMS
945,122,Life,Agent,2022-12-17,2024-09-07,Active,6,CSM
946,130,Life,Online,2022-03-02,2023-01-04,Lapsed,3,CSM
947,119,Home,Broker,2021-05-08,2023-03-11,Active,2,LPS
948,104,Auto,Online,2022-01-17,2022-10-17,Active,2,PMS
949,120,Home,Agent,2021-11-29,2022-10-16,Active,5,PMS
950,174,Auto,Agent,2021-09-01,2023-08-04,Lapsed,1,CSM
951,167,Home,Broker,2021-01-01,2022-11-24,Active,4,PMS
952,186,Auto,Broker,2023-08-17,2024-02-12,Cancelled,7,LPS
953,160,Auto,Online,2022-11-27,2023-11-04,Cancelled,6,PMS
954,193,Life,Broker,2022-10-21,2024-10-02,Cancelled,6,PMS
955,141,Auto,Agent,2022-05-08,2022-08-19,Cancelled,5,CSM
956,140,Life,Agent,2023-09-13,2025-08-26,Lapsed,8,PMS
957,160,Home,Agent,2023-05-22,2024-10-08,Active,6,CSM
958,181,Home,Agent,2021-03-07,2022-04-23,Lapsed,2,CSM
959,151,Home,Broker,2021-11-25,2022-04-13,Cancelled,3,PMS
960,140,Home,Agent,2023-04-16,2025-04-12,Active,3,CSM
961,159,Home,Agent,2022-06-07,2023-06-06,Active,2,LPS
962,194,Life,Agent,2023-02-22,2023-09-14,Active,2,CSM
963,129,Home,Online,2023-07-20,2024-04-07,Lapsed,2,CSM
964,197,Auto,Online,2023-04-06,2024-08-28,Active,5,PMS
965,194,Life,Agent,2021-02-13,2021-05-09,Active,9,PMS
966,137,Auto,Broker,2022-12-23,2024-01-13,Active,3,CSM
967,188,Life,Broker,2021-09-12,2023-02-17,Active,6,CSM
968,116,Auto,Online,2021-09-27,2023-07-18,Lapsed,8,CSM
969,199,Life,Online,2022-01-11,2023-04-17,Cancelled,2,LPS
970,139,Home,Broker,2022-10-25,2024-04-16,Active,2,PMS
971,129,Life,Online,2023-06-13,2023-07-21,Active,8,LPS
972,165,Life,Online,2023-04-28,2024-09-20,Active,1,PMS
973,123,Auto,Agent,2023-08-10,2025-05-23,Cancelled,2,PMS
974,172,Life,Broker,2021-07-09,2021-08-20,Active,7,LPS
975,100,Life,Agent,2023-07-12,2024-03-14,Cancelled,9,LPS
976,187,Home,Online,2021-03-11,2023-02-19,Active,7,PMS
977,137,Auto,Online,2022-03-15,2022-05-20,Active,8,PMS
978,163,Life,Online,2022-10-02,2023-02-20,Cancelled,8,LPS
979,126,Auto,Online,2021-03-24,2021-09-04,Active,3,LPS
980,189,Life,Broker,2022-09-11,2023-12-16,Lapsed,6,PMS
981,189,Life,Broker,2021-11-26,2022-10-03,Active,5,LPS
982,106,Auto,Broker,2021-05-12,2022-02-04,Cancelled,3,CSM
983,188,Home,Broker,2023-08-05,2024-11-11,Active,2,PMS
984,179,Life,Agent,2022-11-21,2023-09-08,Cancelled,7,LPS
985,141,Life,Agent,2023-05-30,2023-12-13,Active,4,CSM
986,117,Life,Agent,2022-11-22,2024-02-20,Cancelled,5,PMS
987,180,Auto,Online,2023-03-15,2024-11-06,Active,6,PMS
988,143,Home,Broker,2021-01-29,2022-11-23,Active,7,LPS
989,169,Life,Broker,2022-01-13,2022-08-22,Active,4,CSM
990,119,Life,Broker,2022-05-09,2022-11-26,Cancelled,8,LPS
991,122,Life,Agent,2022-01-30,2023-05-08,Lapsed,9,LPS
992,111,Auto,Online,2022-04-01,2022-08-06,Cancelled,5,CSM
993,111,Auto,Online,2023-06-04,2023-08-31,Active,2,LPS
994,133,Auto,Online,2023-05-18,2025-01-26,Active,5,PMS
995,107,Auto,Agent,2023-09-27,2024-04-24,Active,8,CSM
996,126,Home,Broker,2023-05-02,2024-12-09,Lapsed,4,LPS
997,148,Auto,Agent,2023-07-16,2023-08-22,Lapsed,3,LPS
998,171,Auto,Broker,2021-04-27,2021-12-20,Active,8,LPS
999,154,Life,Online,2023-09-24,2024-11-30,Cancelled,5,PMS
1000,196,Auto,Broker,2021-05-28,2022-03-03,Active,5,PMS
